Width,Height,Roi.X1,Roi.Y1,Roi.X2,Roi.Y2,ClassId,Path
640,480,1,1,640,480,0,Train/Bad/Bad0.jpg
640,480,1,1,640,480,0,Train/Bad/Bad1.jpg
640,480,1,1,640,480,0,Train/Bad/Bad10.jpg
640,480,1,1,640,480,0,Train/Bad/Bad11.jpg
640,480,1,1,640,480,0,Train/Bad/Bad12.jpg
640,480,1,1,640,480,0,Train/Bad/Bad13.jpg
640,480,1,1,640,480,0,Train/Bad/Bad14.jpg
640,480,1,1,640,480,0,Train/Bad/Bad15.jpg
640,480,1,1,640,480,0,Train/Bad/Bad16.jpg
640,480,1,1,640,480,0,Train/Bad/Bad17.jpg
640,480,1,1,640,480,0,Train/Bad/Bad18.jpg
640,480,1,1,640,480,0,Train/Bad/Bad19.jpg
640,480,1,1,640,480,0,Train/Bad/Bad2.jpg
640,480,1,1,640,480,0,Train/Bad/Bad20.jpg
640,480,1,1,640,480,0,Train/Bad/Bad21.jpg
640,480,1,1,640,480,0,Train/Bad/Bad22.jpg
640,480,1,1,640,480,0,Train/Bad/Bad23.jpg
640,480,1,1,640,480,0,Train/Bad/Bad24.jpg
640,480,1,1,640,480,0,Train/Bad/Bad25.jpg
640,480,1,1,640,480,0,Train/Bad/Bad26.jpg
640,480,1,1,640,480,0,Train/Bad/Bad27.jpg
640,480,1,1,640,480,0,Train/Bad/Bad28.jpg
640,480,1,1,640,480,0,Train/Bad/Bad29.jpg
640,480,1,1,640,480,0,Train/Bad/Bad3.jpg
640,480,1,1,640,480,0,Train/Bad/Bad30.jpg
640,480,1,1,640,480,0,Train/Bad/Bad31.jpg
640,480,1,1,640,480,0,Train/Bad/Bad32.jpg
640,480,1,1,640,480,0,Train/Bad/Bad33.jpg
640,480,1,1,640,480,0,Train/Bad/Bad34.jpg
640,480,1,1,640,480,0,Train/Bad/Bad35.jpg
640,480,1,1,640,480,0,Train/Bad/Bad36.jpg
640,480,1,1,640,480,0,Train/Bad/Bad37.jpg
640,480,1,1,640,480,0,Train/Bad/Bad38.jpg
640,480,1,1,640,480,0,Train/Bad/Bad39.jpg
640,480,1,1,640,480,0,Train/Bad/Bad4.jpg
640,480,1,1,640,480,0,Train/Bad/Bad40.jpg
640,480,1,1,640,480,0,Train/Bad/Bad41.jpg
640,480,1,1,640,480,0,Train/Bad/Bad42.jpg
640,480,1,1,640,480,0,Train/Bad/Bad43.jpg
640,480,1,1,640,480,0,Train/Bad/Bad44.jpg
640,480,1,1,640,480,0,Train/Bad/Bad45.jpg
640,480,1,1,640,480,0,Train/Bad/Bad46.jpg
640,480,1,1,640,480,0,Train/Bad/Bad47.jpg
640,480,1,1,640,480,0,Train/Bad/Bad48.jpg
640,480,1,1,640,480,0,Train/Bad/Bad49.jpg
640,480,1,1,640,480,0,Train/Bad/Bad5.jpg
640,480,1,1,640,480,0,Train/Bad/Bad50.jpg
640,480,1,1,640,480,0,Train/Bad/Bad51.jpg
640,480,1,1,640,480,0,Train/Bad/Bad52.jpg
640,480,1,1,640,480,0,Train/Bad/Bad53.jpg
640,480,1,1,640,480,0,Train/Bad/Bad54.jpg
640,480,1,1,640,480,0,Train/Bad/Bad55.jpg
640,480,1,1,640,480,0,Train/Bad/Bad56.jpg
640,480,1,1,640,480,0,Train/Bad/Bad57.jpg
640,480,1,1,640,480,0,Train/Bad/Bad58.jpg
640,480,1,1,640,480,0,Train/Bad/Bad59.jpg
640,480,1,1,640,480,0,Train/Bad/Bad6.jpg
640,480,1,1,640,480,0,Train/Bad/Bad60.jpg
640,480,1,1,640,480,0,Train/Bad/Bad61.jpg
640,480,1,1,640,480,0,Train/Bad/Bad62.jpg
640,480,1,1,640,480,0,Train/Bad/Bad63.jpg
640,480,1,1,640,480,0,Train/Bad/Bad64.jpg
640,480,1,1,640,480,0,Train/Bad/Bad65.jpg
640,480,1,1,640,480,0,Train/Bad/Bad66.jpg
640,480,1,1,640,480,0,Train/Bad/Bad67.jpg
640,480,1,1,640,480,0,Train/Bad/Bad68.jpg
640,480,1,1,640,480,0,Train/Bad/Bad69.jpg
640,480,1,1,640,480,0,Train/Bad/Bad7.jpg
640,480,1,1,640,480,0,Train/Bad/Bad70.jpg
640,480,1,1,640,480,0,Train/Bad/Bad71.jpg
640,480,1,1,640,480,0,Train/Bad/Bad72.jpg
640,480,1,1,640,480,0,Train/Bad/Bad73.jpg
640,480,1,1,640,480,0,Train/Bad/Bad74.jpg
640,480,1,1,640,480,0,Train/Bad/Bad8.jpg
640,480,1,1,640,480,0,Train/Bad/Bad9.jpg
640,480,1,1,640,480,1,Train/Good/Good0.jpg
640,480,1,1,640,480,1,Train/Good/Good1.jpg
640,480,1,1,640,480,1,Train/Good/Good10.jpg
640,480,1,1,640,480,1,Train/Good/Good100.jpg
640,480,1,1,640,480,1,Train/Good/Good101.jpg
640,480,1,1,640,480,1,Train/Good/Good102.jpg
640,480,1,1,640,480,1,Train/Good/Good103.jpg
640,480,1,1,640,480,1,Train/Good/Good104.jpg
640,480,1,1,640,480,1,Train/Good/Good105.jpg
640,480,1,1,640,480,1,Train/Good/Good106.jpg
640,480,1,1,640,480,1,Train/Good/Good107.jpg
640,480,1,1,640,480,1,Train/Good/Good108.jpg
640,480,1,1,640,480,1,Train/Good/Good109.jpg
640,480,1,1,640,480,1,Train/Good/Good11.jpg
640,480,1,1,640,480,1,Train/Good/Good110.jpg
640,480,1,1,640,480,1,Train/Good/Good111.jpg
640,480,1,1,640,480,1,Train/Good/Good112.jpg
640,480,1,1,640,480,1,Train/Good/Good113.jpg
640,480,1,1,640,480,1,Train/Good/Good114.jpg
640,480,1,1,640,480,1,Train/Good/Good115.jpg
640,480,1,1,640,480,1,Train/Good/Good116.jpg
640,480,1,1,640,480,1,Train/Good/Good117.jpg
640,480,1,1,640,480,1,Train/Good/Good118.jpg
640,480,1,1,640,480,1,Train/Good/Good119.jpg
640,480,1,1,640,480,1,Train/Good/Good12.jpg
640,480,1,1,640,480,1,Train/Good/Good120.jpg
640,480,1,1,640,480,1,Train/Good/Good121.jpg
640,480,1,1,640,480,1,Train/Good/Good122.jpg
640,480,1,1,640,480,1,Train/Good/Good123.jpg
640,480,1,1,640,480,1,Train/Good/Good124.jpg
640,480,1,1,640,480,1,Train/Good/Good125.jpg
640,480,1,1,640,480,1,Train/Good/Good126.jpg
640,480,1,1,640,480,1,Train/Good/Good127.jpg
640,480,1,1,640,480,1,Train/Good/Good128.jpg
640,480,1,1,640,480,1,Train/Good/Good129.jpg
640,480,1,1,640,480,1,Train/Good/Good13.jpg
640,480,1,1,640,480,1,Train/Good/Good130.jpg
640,480,1,1,640,480,1,Train/Good/Good131.jpg
640,480,1,1,640,480,1,Train/Good/Good132.jpg
640,480,1,1,640,480,1,Train/Good/Good133.jpg
640,480,1,1,640,480,1,Train/Good/Good134.jpg
640,480,1,1,640,480,1,Train/Good/Good135.jpg
640,480,1,1,640,480,1,Train/Good/Good136.jpg
640,480,1,1,640,480,1,Train/Good/Good137.jpg
640,480,1,1,640,480,1,Train/Good/Good138.jpg
640,480,1,1,640,480,1,Train/Good/Good139.jpg
640,480,1,1,640,480,1,Train/Good/Good14.jpg
640,480,1,1,640,480,1,Train/Good/Good140.jpg
640,480,1,1,640,480,1,Train/Good/Good141.jpg
640,480,1,1,640,480,1,Train/Good/Good142.jpg
640,480,1,1,640,480,1,Train/Good/Good143.jpg
640,480,1,1,640,480,1,Train/Good/Good144.jpg
640,480,1,1,640,480,1,Train/Good/Good145.jpg
640,480,1,1,640,480,1,Train/Good/Good146.jpg
640,480,1,1,640,480,1,Train/Good/Good147.jpg
640,480,1,1,640,480,1,Train/Good/Good148.jpg
640,480,1,1,640,480,1,Train/Good/Good149.jpg
640,480,1,1,640,480,1,Train/Good/Good15.jpg
640,480,1,1,640,480,1,Train/Good/Good150.jpg
640,480,1,1,640,480,1,Train/Good/Good151.jpg
640,480,1,1,640,480,1,Train/Good/Good152.jpg
640,480,1,1,640,480,1,Train/Good/Good153.jpg
640,480,1,1,640,480,1,Train/Good/Good154.jpg
640,480,1,1,640,480,1,Train/Good/Good155.jpg
640,480,1,1,640,480,1,Train/Good/Good156.jpg
640,480,1,1,640,480,1,Train/Good/Good157.jpg
640,480,1,1,640,480,1,Train/Good/Good158.jpg
640,480,1,1,640,480,1,Train/Good/Good159.jpg
640,480,1,1,640,480,1,Train/Good/Good16.jpg
640,480,1,1,640,480,1,Train/Good/Good160.jpg
640,480,1,1,640,480,1,Train/Good/Good161.jpg
640,480,1,1,640,480,1,Train/Good/Good162.jpg
640,480,1,1,640,480,1,Train/Good/Good163.jpg
640,480,1,1,640,480,1,Train/Good/Good164.jpg
640,480,1,1,640,480,1,Train/Good/Good165.jpg
640,480,1,1,640,480,1,Train/Good/Good166.jpg
640,480,1,1,640,480,1,Train/Good/Good167.jpg
640,480,1,1,640,480,1,Train/Good/Good168.jpg
640,480,1,1,640,480,1,Train/Good/Good169.jpg
640,480,1,1,640,480,1,Train/Good/Good17.jpg
640,480,1,1,640,480,1,Train/Good/Good170.jpg
640,480,1,1,640,480,1,Train/Good/Good171.jpg
640,480,1,1,640,480,1,Train/Good/Good172.jpg
640,480,1,1,640,480,1,Train/Good/Good173.jpg
640,480,1,1,640,480,1,Train/Good/Good174.jpg
640,480,1,1,640,480,1,Train/Good/Good175.jpg
640,480,1,1,640,480,1,Train/Good/Good176.jpg
640,480,1,1,640,480,1,Train/Good/Good177.jpg
640,480,1,1,640,480,1,Train/Good/Good178.jpg
640,480,1,1,640,480,1,Train/Good/Good179.jpg
640,480,1,1,640,480,1,Train/Good/Good18.jpg
640,480,1,1,640,480,1,Train/Good/Good180.jpg
640,480,1,1,640,480,1,Train/Good/Good181.jpg
640,480,1,1,640,480,1,Train/Good/Good182.jpg
640,480,1,1,640,480,1,Train/Good/Good183.jpg
640,480,1,1,640,480,1,Train/Good/Good184.jpg
640,480,1,1,640,480,1,Train/Good/Good185.jpg
640,480,1,1,640,480,1,Train/Good/Good186.jpg
640,480,1,1,640,480,1,Train/Good/Good187.jpg
640,480,1,1,640,480,1,Train/Good/Good188.jpg
640,480,1,1,640,480,1,Train/Good/Good189.jpg
640,480,1,1,640,480,1,Train/Good/Good19.jpg
640,480,1,1,640,480,1,Train/Good/Good190.jpg
640,480,1,1,640,480,1,Train/Good/Good191.jpg
640,480,1,1,640,480,1,Train/Good/Good192.jpg
640,480,1,1,640,480,1,Train/Good/Good193.jpg
640,480,1,1,640,480,1,Train/Good/Good194.jpg
640,480,1,1,640,480,1,Train/Good/Good195.jpg
640,480,1,1,640,480,1,Train/Good/Good196.jpg
640,480,1,1,640,480,1,Train/Good/Good197.jpg
640,480,1,1,640,480,1,Train/Good/Good198.jpg
640,480,1,1,640,480,1,Train/Good/Good199.jpg
640,480,1,1,640,480,1,Train/Good/Good2.jpg
640,480,1,1,640,480,1,Train/Good/Good20.jpg
640,480,1,1,640,480,1,Train/Good/Good200.jpg
640,480,1,1,640,480,1,Train/Good/Good201.jpg
640,480,1,1,640,480,1,Train/Good/Good202.jpg
640,480,1,1,640,480,1,Train/Good/Good203.jpg
640,480,1,1,640,480,1,Train/Good/Good204.jpg
640,480,1,1,640,480,1,Train/Good/Good205.jpg
640,480,1,1,640,480,1,Train/Good/Good206.jpg
640,480,1,1,640,480,1,Train/Good/Good207.jpg
640,480,1,1,640,480,1,Train/Good/Good208.jpg
640,480,1,1,640,480,1,Train/Good/Good209.jpg
640,480,1,1,640,480,1,Train/Good/Good21.jpg
640,480,1,1,640,480,1,Train/Good/Good210.jpg
640,480,1,1,640,480,1,Train/Good/Good211.jpg
640,480,1,1,640,480,1,Train/Good/Good212.jpg
640,480,1,1,640,480,1,Train/Good/Good213.jpg
640,480,1,1,640,480,1,Train/Good/Good214.jpg
640,480,1,1,640,480,1,Train/Good/Good215.jpg
640,480,1,1,640,480,1,Train/Good/Good216.jpg
640,480,1,1,640,480,1,Train/Good/Good217.jpg
640,480,1,1,640,480,1,Train/Good/Good218.jpg
640,480,1,1,640,480,1,Train/Good/Good219.jpg
640,480,1,1,640,480,1,Train/Good/Good22.jpg
640,480,1,1,640,480,1,Train/Good/Good220.jpg
640,480,1,1,640,480,1,Train/Good/Good221.jpg
640,480,1,1,640,480,1,Train/Good/Good222.jpg
640,480,1,1,640,480,1,Train/Good/Good223.jpg
640,480,1,1,640,480,1,Train/Good/Good224.jpg
640,480,1,1,640,480,1,Train/Good/Good225.jpg
640,480,1,1,640,480,1,Train/Good/Good226.jpg
640,480,1,1,640,480,1,Train/Good/Good227.jpg
640,480,1,1,640,480,1,Train/Good/Good228.jpg
640,480,1,1,640,480,1,Train/Good/Good229.jpg
640,480,1,1,640,480,1,Train/Good/Good23.jpg
640,480,1,1,640,480,1,Train/Good/Good230.jpg
640,480,1,1,640,480,1,Train/Good/Good231.jpg
640,480,1,1,640,480,1,Train/Good/Good232.jpg
640,480,1,1,640,480,1,Train/Good/Good233.jpg
640,480,1,1,640,480,1,Train/Good/Good234.jpg
640,480,1,1,640,480,1,Train/Good/Good235.jpg
640,480,1,1,640,480,1,Train/Good/Good236.jpg
640,480,1,1,640,480,1,Train/Good/Good237.jpg
640,480,1,1,640,480,1,Train/Good/Good238.jpg
640,480,1,1,640,480,1,Train/Good/Good239.jpg
640,480,1,1,640,480,1,Train/Good/Good24.jpg
640,480,1,1,640,480,1,Train/Good/Good240.jpg
640,480,1,1,640,480,1,Train/Good/Good241.jpg
640,480,1,1,640,480,1,Train/Good/Good242.jpg
640,480,1,1,640,480,1,Train/Good/Good243.jpg
640,480,1,1,640,480,1,Train/Good/Good244.jpg
640,480,1,1,640,480,1,Train/Good/Good245.jpg
640,480,1,1,640,480,1,Train/Good/Good246.jpg
640,480,1,1,640,480,1,Train/Good/Good247.jpg
640,480,1,1,640,480,1,Train/Good/Good248.jpg
640,480,1,1,640,480,1,Train/Good/Good249.jpg
640,480,1,1,640,480,1,Train/Good/Good25.jpg
640,480,1,1,640,480,1,Train/Good/Good250.jpg
640,480,1,1,640,480,1,Train/Good/Good251.jpg
640,480,1,1,640,480,1,Train/Good/Good252.jpg
640,480,1,1,640,480,1,Train/Good/Good253.jpg
640,480,1,1,640,480,1,Train/Good/Good254.jpg
640,480,1,1,640,480,1,Train/Good/Good255.jpg
640,480,1,1,640,480,1,Train/Good/Good256.jpg
640,480,1,1,640,480,1,Train/Good/Good257.jpg
640,480,1,1,640,480,1,Train/Good/Good258.jpg
640,480,1,1,640,480,1,Train/Good/Good259.jpg
640,480,1,1,640,480,1,Train/Good/Good26.jpg
640,480,1,1,640,480,1,Train/Good/Good260.jpg
640,480,1,1,640,480,1,Train/Good/Good261.jpg
640,480,1,1,640,480,1,Train/Good/Good262.jpg
640,480,1,1,640,480,1,Train/Good/Good263.jpg
640,480,1,1,640,480,1,Train/Good/Good264.jpg
640,480,1,1,640,480,1,Train/Good/Good265.jpg
640,480,1,1,640,480,1,Train/Good/Good266.jpg
640,480,1,1,640,480,1,Train/Good/Good267.jpg
640,480,1,1,640,480,1,Train/Good/Good268.jpg
640,480,1,1,640,480,1,Train/Good/Good269.jpg
640,480,1,1,640,480,1,Train/Good/Good27.jpg
640,480,1,1,640,480,1,Train/Good/Good270.jpg
640,480,1,1,640,480,1,Train/Good/Good271.jpg
640,480,1,1,640,480,1,Train/Good/Good272.jpg
640,480,1,1,640,480,1,Train/Good/Good273.jpg
640,480,1,1,640,480,1,Train/Good/Good274.jpg
640,480,1,1,640,480,1,Train/Good/Good275.jpg
640,480,1,1,640,480,1,Train/Good/Good276.jpg
640,480,1,1,640,480,1,Train/Good/Good277.jpg
640,480,1,1,640,480,1,Train/Good/Good278.jpg
640,480,1,1,640,480,1,Train/Good/Good279.jpg
640,480,1,1,640,480,1,Train/Good/Good28.jpg
640,480,1,1,640,480,1,Train/Good/Good280.jpg
640,480,1,1,640,480,1,Train/Good/Good281.jpg
640,480,1,1,640,480,1,Train/Good/Good282.jpg
640,480,1,1,640,480,1,Train/Good/Good283.jpg
640,480,1,1,640,480,1,Train/Good/Good284.jpg
640,480,1,1,640,480,1,Train/Good/Good285.jpg
640,480,1,1,640,480,1,Train/Good/Good286.jpg
640,480,1,1,640,480,1,Train/Good/Good287.jpg
640,480,1,1,640,480,1,Train/Good/Good288.jpg
640,480,1,1,640,480,1,Train/Good/Good289.jpg
640,480,1,1,640,480,1,Train/Good/Good29.jpg
640,480,1,1,640,480,1,Train/Good/Good290.jpg
640,480,1,1,640,480,1,Train/Good/Good291.jpg
640,480,1,1,640,480,1,Train/Good/Good292.jpg
640,480,1,1,640,480,1,Train/Good/Good293.jpg
640,480,1,1,640,480,1,Train/Good/Good294.jpg
640,480,1,1,640,480,1,Train/Good/Good295.jpg
640,480,1,1,640,480,1,Train/Good/Good296.jpg
640,480,1,1,640,480,1,Train/Good/Good297.jpg
640,480,1,1,640,480,1,Train/Good/Good298.jpg
640,480,1,1,640,480,1,Train/Good/Good299.jpg
640,480,1,1,640,480,1,Train/Good/Good3.jpg
640,480,1,1,640,480,1,Train/Good/Good30.jpg
640,480,1,1,640,480,1,Train/Good/Good300.jpg
640,480,1,1,640,480,1,Train/Good/Good301.jpg
640,480,1,1,640,480,1,Train/Good/Good302.jpg
640,480,1,1,640,480,1,Train/Good/Good303.jpg
640,480,1,1,640,480,1,Train/Good/Good304.jpg
640,480,1,1,640,480,1,Train/Good/Good305.jpg
640,480,1,1,640,480,1,Train/Good/Good306.jpg
640,480,1,1,640,480,1,Train/Good/Good307.jpg
640,480,1,1,640,480,1,Train/Good/Good308.jpg
640,480,1,1,640,480,1,Train/Good/Good309.jpg
640,480,1,1,640,480,1,Train/Good/Good31.jpg
640,480,1,1,640,480,1,Train/Good/Good310.jpg
640,480,1,1,640,480,1,Train/Good/Good311.jpg
640,480,1,1,640,480,1,Train/Good/Good312.jpg
640,480,1,1,640,480,1,Train/Good/Good313.jpg
640,480,1,1,640,480,1,Train/Good/Good314.jpg
640,480,1,1,640,480,1,Train/Good/Good315.jpg
640,480,1,1,640,480,1,Train/Good/Good316.jpg
640,480,1,1,640,480,1,Train/Good/Good317.jpg
640,480,1,1,640,480,1,Train/Good/Good318.jpg
640,480,1,1,640,480,1,Train/Good/Good319.jpg
640,480,1,1,640,480,1,Train/Good/Good32.jpg
640,480,1,1,640,480,1,Train/Good/Good320.jpg
640,480,1,1,640,480,1,Train/Good/Good321.jpg
640,480,1,1,640,480,1,Train/Good/Good322.jpg
640,480,1,1,640,480,1,Train/Good/Good323.jpg
640,480,1,1,640,480,1,Train/Good/Good324.jpg
640,480,1,1,640,480,1,Train/Good/Good325.jpg
640,480,1,1,640,480,1,Train/Good/Good326.jpg
640,480,1,1,640,480,1,Train/Good/Good327.jpg
640,480,1,1,640,480,1,Train/Good/Good328.jpg
640,480,1,1,640,480,1,Train/Good/Good329.jpg
640,480,1,1,640,480,1,Train/Good/Good33.jpg
640,480,1,1,640,480,1,Train/Good/Good330.jpg
640,480,1,1,640,480,1,Train/Good/Good331.jpg
640,480,1,1,640,480,1,Train/Good/Good332.jpg
640,480,1,1,640,480,1,Train/Good/Good333.jpg
640,480,1,1,640,480,1,Train/Good/Good334.jpg
640,480,1,1,640,480,1,Train/Good/Good335.jpg
640,480,1,1,640,480,1,Train/Good/Good336.jpg
640,480,1,1,640,480,1,Train/Good/Good337.jpg
640,480,1,1,640,480,1,Train/Good/Good338.jpg
640,480,1,1,640,480,1,Train/Good/Good339.jpg
640,480,1,1,640,480,1,Train/Good/Good34.jpg
640,480,1,1,640,480,1,Train/Good/Good340.jpg
640,480,1,1,640,480,1,Train/Good/Good341.jpg
640,480,1,1,640,480,1,Train/Good/Good342.jpg
640,480,1,1,640,480,1,Train/Good/Good343.jpg
640,480,1,1,640,480,1,Train/Good/Good344.jpg
640,480,1,1,640,480,1,Train/Good/Good345.jpg
640,480,1,1,640,480,1,Train/Good/Good346.jpg
640,480,1,1,640,480,1,Train/Good/Good347.jpg
640,480,1,1,640,480,1,Train/Good/Good348.jpg
640,480,1,1,640,480,1,Train/Good/Good349.jpg
640,480,1,1,640,480,1,Train/Good/Good35.jpg
640,480,1,1,640,480,1,Train/Good/Good350.jpg
640,480,1,1,640,480,1,Train/Good/Good351.jpg
640,480,1,1,640,480,1,Train/Good/Good352.jpg
640,480,1,1,640,480,1,Train/Good/Good353.jpg
640,480,1,1,640,480,1,Train/Good/Good354.jpg
640,480,1,1,640,480,1,Train/Good/Good355.jpg
640,480,1,1,640,480,1,Train/Good/Good356.jpg
640,480,1,1,640,480,1,Train/Good/Good357.jpg
640,480,1,1,640,480,1,Train/Good/Good358.jpg
640,480,1,1,640,480,1,Train/Good/Good359.jpg
640,480,1,1,640,480,1,Train/Good/Good36.jpg
640,480,1,1,640,480,1,Train/Good/Good360.jpg
640,480,1,1,640,480,1,Train/Good/Good361.jpg
640,480,1,1,640,480,1,Train/Good/Good362.jpg
640,480,1,1,640,480,1,Train/Good/Good363.jpg
640,480,1,1,640,480,1,Train/Good/Good364.jpg
640,480,1,1,640,480,1,Train/Good/Good365.jpg
640,480,1,1,640,480,1,Train/Good/Good366.jpg
640,480,1,1,640,480,1,Train/Good/Good367.jpg
640,480,1,1,640,480,1,Train/Good/Good368.jpg
640,480,1,1,640,480,1,Train/Good/Good369.jpg
640,480,1,1,640,480,1,Train/Good/Good37.jpg
640,480,1,1,640,480,1,Train/Good/Good370.jpg
640,480,1,1,640,480,1,Train/Good/Good371.jpg
640,480,1,1,640,480,1,Train/Good/Good372.jpg
640,480,1,1,640,480,1,Train/Good/Good373.jpg
640,480,1,1,640,480,1,Train/Good/Good374.jpg
640,480,1,1,640,480,1,Train/Good/Good375.jpg
640,480,1,1,640,480,1,Train/Good/Good376.jpg
640,480,1,1,640,480,1,Train/Good/Good377.jpg
640,480,1,1,640,480,1,Train/Good/Good378.jpg
640,480,1,1,640,480,1,Train/Good/Good379.jpg
640,480,1,1,640,480,1,Train/Good/Good38.jpg
640,480,1,1,640,480,1,Train/Good/Good380.jpg
640,480,1,1,640,480,1,Train/Good/Good381.jpg
640,480,1,1,640,480,1,Train/Good/Good382.jpg
640,480,1,1,640,480,1,Train/Good/Good383.jpg
640,480,1,1,640,480,1,Train/Good/Good384.jpg
640,480,1,1,640,480,1,Train/Good/Good385.jpg
640,480,1,1,640,480,1,Train/Good/Good386.jpg
640,480,1,1,640,480,1,Train/Good/Good387.jpg
640,480,1,1,640,480,1,Train/Good/Good388.jpg
640,480,1,1,640,480,1,Train/Good/Good389.jpg
640,480,1,1,640,480,1,Train/Good/Good39.jpg
640,480,1,1,640,480,1,Train/Good/Good390.jpg
640,480,1,1,640,480,1,Train/Good/Good391.jpg
640,480,1,1,640,480,1,Train/Good/Good392.jpg
640,480,1,1,640,480,1,Train/Good/Good393.jpg
640,480,1,1,640,480,1,Train/Good/Good394.jpg
640,480,1,1,640,480,1,Train/Good/Good395.jpg
640,480,1,1,640,480,1,Train/Good/Good396.jpg
640,480,1,1,640,480,1,Train/Good/Good397.jpg
640,480,1,1,640,480,1,Train/Good/Good398.jpg
640,480,1,1,640,480,1,Train/Good/Good399.jpg
640,480,1,1,640,480,1,Train/Good/Good4.jpg
640,480,1,1,640,480,1,Train/Good/Good40.jpg
640,480,1,1,640,480,1,Train/Good/Good400.jpg
640,480,1,1,640,480,1,Train/Good/Good401.jpg
640,480,1,1,640,480,1,Train/Good/Good402.jpg
640,480,1,1,640,480,1,Train/Good/Good403.jpg
640,480,1,1,640,480,1,Train/Good/Good404.jpg
640,480,1,1,640,480,1,Train/Good/Good405.jpg
640,480,1,1,640,480,1,Train/Good/Good406.jpg
640,480,1,1,640,480,1,Train/Good/Good407.jpg
640,480,1,1,640,480,1,Train/Good/Good408.jpg
640,480,1,1,640,480,1,Train/Good/Good409.jpg
640,480,1,1,640,480,1,Train/Good/Good41.jpg
640,480,1,1,640,480,1,Train/Good/Good410.jpg
640,480,1,1,640,480,1,Train/Good/Good411.jpg
640,480,1,1,640,480,1,Train/Good/Good412.jpg
640,480,1,1,640,480,1,Train/Good/Good413.jpg
640,480,1,1,640,480,1,Train/Good/Good414.jpg
640,480,1,1,640,480,1,Train/Good/Good415.jpg
640,480,1,1,640,480,1,Train/Good/Good416.jpg
640,480,1,1,640,480,1,Train/Good/Good417.jpg
640,480,1,1,640,480,1,Train/Good/Good418.jpg
640,480,1,1,640,480,1,Train/Good/Good419.jpg
640,480,1,1,640,480,1,Train/Good/Good42.jpg
640,480,1,1,640,480,1,Train/Good/Good420.jpg
640,480,1,1,640,480,1,Train/Good/Good421.jpg
640,480,1,1,640,480,1,Train/Good/Good422.jpg
640,480,1,1,640,480,1,Train/Good/Good423.jpg
640,480,1,1,640,480,1,Train/Good/Good424.jpg
640,480,1,1,640,480,1,Train/Good/Good425.jpg
640,480,1,1,640,480,1,Train/Good/Good426.jpg
640,480,1,1,640,480,1,Train/Good/Good427.jpg
640,480,1,1,640,480,1,Train/Good/Good428.jpg
640,480,1,1,640,480,1,Train/Good/Good429.jpg
640,480,1,1,640,480,1,Train/Good/Good43.jpg
640,480,1,1,640,480,1,Train/Good/Good430.jpg
640,480,1,1,640,480,1,Train/Good/Good431.jpg
640,480,1,1,640,480,1,Train/Good/Good432.jpg
640,480,1,1,640,480,1,Train/Good/Good433.jpg
640,480,1,1,640,480,1,Train/Good/Good434.jpg
640,480,1,1,640,480,1,Train/Good/Good435.jpg
640,480,1,1,640,480,1,Train/Good/Good436.jpg
640,480,1,1,640,480,1,Train/Good/Good437.jpg
640,480,1,1,640,480,1,Train/Good/Good438.jpg
640,480,1,1,640,480,1,Train/Good/Good439.jpg
640,480,1,1,640,480,1,Train/Good/Good44.jpg
640,480,1,1,640,480,1,Train/Good/Good440.jpg
640,480,1,1,640,480,1,Train/Good/Good441.jpg
640,480,1,1,640,480,1,Train/Good/Good442.jpg
640,480,1,1,640,480,1,Train/Good/Good443.jpg
640,480,1,1,640,480,1,Train/Good/Good444.jpg
640,480,1,1,640,480,1,Train/Good/Good445.jpg
640,480,1,1,640,480,1,Train/Good/Good446.jpg
640,480,1,1,640,480,1,Train/Good/Good447.jpg
640,480,1,1,640,480,1,Train/Good/Good448.jpg
640,480,1,1,640,480,1,Train/Good/Good449.jpg
640,480,1,1,640,480,1,Train/Good/Good45.jpg
640,480,1,1,640,480,1,Train/Good/Good450.jpg
640,480,1,1,640,480,1,Train/Good/Good451.jpg
640,480,1,1,640,480,1,Train/Good/Good452.jpg
640,480,1,1,640,480,1,Train/Good/Good453.jpg
640,480,1,1,640,480,1,Train/Good/Good454.jpg
640,480,1,1,640,480,1,Train/Good/Good455.jpg
640,480,1,1,640,480,1,Train/Good/Good456.jpg
640,480,1,1,640,480,1,Train/Good/Good457.jpg
640,480,1,1,640,480,1,Train/Good/Good458.jpg
640,480,1,1,640,480,1,Train/Good/Good459.jpg
640,480,1,1,640,480,1,Train/Good/Good46.jpg
640,480,1,1,640,480,1,Train/Good/Good460.jpg
640,480,1,1,640,480,1,Train/Good/Good461.jpg
640,480,1,1,640,480,1,Train/Good/Good462.jpg
640,480,1,1,640,480,1,Train/Good/Good463.jpg
640,480,1,1,640,480,1,Train/Good/Good464.jpg
640,480,1,1,640,480,1,Train/Good/Good465.jpg
640,480,1,1,640,480,1,Train/Good/Good466.jpg
640,480,1,1,640,480,1,Train/Good/Good467.jpg
640,480,1,1,640,480,1,Train/Good/Good468.jpg
640,480,1,1,640,480,1,Train/Good/Good469.jpg
640,480,1,1,640,480,1,Train/Good/Good47.jpg
640,480,1,1,640,480,1,Train/Good/Good470.jpg
640,480,1,1,640,480,1,Train/Good/Good471.jpg
640,480,1,1,640,480,1,Train/Good/Good472.jpg
640,480,1,1,640,480,1,Train/Good/Good473.jpg
640,480,1,1,640,480,1,Train/Good/Good474.jpg
640,480,1,1,640,480,1,Train/Good/Good475.jpg
640,480,1,1,640,480,1,Train/Good/Good476.jpg
640,480,1,1,640,480,1,Train/Good/Good477.jpg
640,480,1,1,640,480,1,Train/Good/Good478.jpg
640,480,1,1,640,480,1,Train/Good/Good479.jpg
640,480,1,1,640,480,1,Train/Good/Good48.jpg
640,480,1,1,640,480,1,Train/Good/Good480.jpg
640,480,1,1,640,480,1,Train/Good/Good481.jpg
640,480,1,1,640,480,1,Train/Good/Good482.jpg
640,480,1,1,640,480,1,Train/Good/Good483.jpg
640,480,1,1,640,480,1,Train/Good/Good484.jpg
640,480,1,1,640,480,1,Train/Good/Good485.jpg
640,480,1,1,640,480,1,Train/Good/Good486.jpg
640,480,1,1,640,480,1,Train/Good/Good487.jpg
640,480,1,1,640,480,1,Train/Good/Good488.jpg
640,480,1,1,640,480,1,Train/Good/Good489.jpg
640,480,1,1,640,480,1,Train/Good/Good49.jpg
640,480,1,1,640,480,1,Train/Good/Good490.jpg
640,480,1,1,640,480,1,Train/Good/Good491.jpg
640,480,1,1,640,480,1,Train/Good/Good492.jpg
640,480,1,1,640,480,1,Train/Good/Good493.jpg
640,480,1,1,640,480,1,Train/Good/Good494.jpg
640,480,1,1,640,480,1,Train/Good/Good495.jpg
640,480,1,1,640,480,1,Train/Good/Good496.jpg
640,480,1,1,640,480,1,Train/Good/Good497.jpg
640,480,1,1,640,480,1,Train/Good/Good498.jpg
640,480,1,1,640,480,1,Train/Good/Good499.jpg
640,480,1,1,640,480,1,Train/Good/Good5.jpg
640,480,1,1,640,480,1,Train/Good/Good50.jpg
640,480,1,1,640,480,1,Train/Good/Good500.jpg
640,480,1,1,640,480,1,Train/Good/Good501.jpg
640,480,1,1,640,480,1,Train/Good/Good502.jpg
640,480,1,1,640,480,1,Train/Good/Good503.jpg
640,480,1,1,640,480,1,Train/Good/Good504.jpg
640,480,1,1,640,480,1,Train/Good/Good505.jpg
640,480,1,1,640,480,1,Train/Good/Good506.jpg
640,480,1,1,640,480,1,Train/Good/Good507.jpg
640,480,1,1,640,480,1,Train/Good/Good508.jpg
640,480,1,1,640,480,1,Train/Good/Good509.jpg
640,480,1,1,640,480,1,Train/Good/Good51.jpg
640,480,1,1,640,480,1,Train/Good/Good510.jpg
640,480,1,1,640,480,1,Train/Good/Good511.jpg
640,480,1,1,640,480,1,Train/Good/Good512.jpg
640,480,1,1,640,480,1,Train/Good/Good513.jpg
640,480,1,1,640,480,1,Train/Good/Good514.jpg
640,480,1,1,640,480,1,Train/Good/Good515.jpg
640,480,1,1,640,480,1,Train/Good/Good516.jpg
640,480,1,1,640,480,1,Train/Good/Good517.jpg
640,480,1,1,640,480,1,Train/Good/Good518.jpg
640,480,1,1,640,480,1,Train/Good/Good519.jpg
640,480,1,1,640,480,1,Train/Good/Good52.jpg
640,480,1,1,640,480,1,Train/Good/Good520.jpg
640,480,1,1,640,480,1,Train/Good/Good521.jpg
640,480,1,1,640,480,1,Train/Good/Good522.jpg
640,480,1,1,640,480,1,Train/Good/Good523.jpg
640,480,1,1,640,480,1,Train/Good/Good524.jpg
640,480,1,1,640,480,1,Train/Good/Good525.jpg
640,480,1,1,640,480,1,Train/Good/Good526.jpg
640,480,1,1,640,480,1,Train/Good/Good527.jpg
640,480,1,1,640,480,1,Train/Good/Good528.jpg
640,480,1,1,640,480,1,Train/Good/Good529.jpg
640,480,1,1,640,480,1,Train/Good/Good53.jpg
640,480,1,1,640,480,1,Train/Good/Good530.jpg
640,480,1,1,640,480,1,Train/Good/Good531.jpg
640,480,1,1,640,480,1,Train/Good/Good532.jpg
640,480,1,1,640,480,1,Train/Good/Good533.jpg
640,480,1,1,640,480,1,Train/Good/Good534.jpg
640,480,1,1,640,480,1,Train/Good/Good535.jpg
640,480,1,1,640,480,1,Train/Good/Good536.jpg
640,480,1,1,640,480,1,Train/Good/Good537.jpg
640,480,1,1,640,480,1,Train/Good/Good538.jpg
640,480,1,1,640,480,1,Train/Good/Good539.jpg
640,480,1,1,640,480,1,Train/Good/Good54.jpg
640,480,1,1,640,480,1,Train/Good/Good540.jpg
640,480,1,1,640,480,1,Train/Good/Good541.jpg
640,480,1,1,640,480,1,Train/Good/Good542.jpg
640,480,1,1,640,480,1,Train/Good/Good543.jpg
640,480,1,1,640,480,1,Train/Good/Good544.jpg
640,480,1,1,640,480,1,Train/Good/Good545.jpg
640,480,1,1,640,480,1,Train/Good/Good546.jpg
640,480,1,1,640,480,1,Train/Good/Good547.jpg
640,480,1,1,640,480,1,Train/Good/Good548.jpg
640,480,1,1,640,480,1,Train/Good/Good549.jpg
640,480,1,1,640,480,1,Train/Good/Good55.jpg
640,480,1,1,640,480,1,Train/Good/Good550.jpg
640,480,1,1,640,480,1,Train/Good/Good551.jpg
640,480,1,1,640,480,1,Train/Good/Good552.jpg
640,480,1,1,640,480,1,Train/Good/Good553.jpg
640,480,1,1,640,480,1,Train/Good/Good554.jpg
640,480,1,1,640,480,1,Train/Good/Good555.jpg
640,480,1,1,640,480,1,Train/Good/Good556.jpg
640,480,1,1,640,480,1,Train/Good/Good557.jpg
640,480,1,1,640,480,1,Train/Good/Good558.jpg
640,480,1,1,640,480,1,Train/Good/Good559.jpg
640,480,1,1,640,480,1,Train/Good/Good56.jpg
640,480,1,1,640,480,1,Train/Good/Good560.jpg
640,480,1,1,640,480,1,Train/Good/Good561.jpg
640,480,1,1,640,480,1,Train/Good/Good562.jpg
640,480,1,1,640,480,1,Train/Good/Good563.jpg
640,480,1,1,640,480,1,Train/Good/Good564.jpg
640,480,1,1,640,480,1,Train/Good/Good565.jpg
640,480,1,1,640,480,1,Train/Good/Good566.jpg
640,480,1,1,640,480,1,Train/Good/Good567.jpg
640,480,1,1,640,480,1,Train/Good/Good568.jpg
640,480,1,1,640,480,1,Train/Good/Good569.jpg
640,480,1,1,640,480,1,Train/Good/Good57.jpg
640,480,1,1,640,480,1,Train/Good/Good570.jpg
640,480,1,1,640,480,1,Train/Good/Good571.jpg
640,480,1,1,640,480,1,Train/Good/Good572.jpg
640,480,1,1,640,480,1,Train/Good/Good573.jpg
640,480,1,1,640,480,1,Train/Good/Good574.jpg
640,480,1,1,640,480,1,Train/Good/Good575.jpg
640,480,1,1,640,480,1,Train/Good/Good576.jpg
640,480,1,1,640,480,1,Train/Good/Good577.jpg
640,480,1,1,640,480,1,Train/Good/Good578.jpg
640,480,1,1,640,480,1,Train/Good/Good579.jpg
640,480,1,1,640,480,1,Train/Good/Good58.jpg
640,480,1,1,640,480,1,Train/Good/Good580.jpg
640,480,1,1,640,480,1,Train/Good/Good581.jpg
640,480,1,1,640,480,1,Train/Good/Good582.jpg
640,480,1,1,640,480,1,Train/Good/Good583.jpg
640,480,1,1,640,480,1,Train/Good/Good584.jpg
640,480,1,1,640,480,1,Train/Good/Good585.jpg
640,480,1,1,640,480,1,Train/Good/Good586.jpg
640,480,1,1,640,480,1,Train/Good/Good587.jpg
640,480,1,1,640,480,1,Train/Good/Good588.jpg
640,480,1,1,640,480,1,Train/Good/Good589.jpg
640,480,1,1,640,480,1,Train/Good/Good59.jpg
640,480,1,1,640,480,1,Train/Good/Good590.jpg
640,480,1,1,640,480,1,Train/Good/Good591.jpg
640,480,1,1,640,480,1,Train/Good/Good592.jpg
640,480,1,1,640,480,1,Train/Good/Good593.jpg
640,480,1,1,640,480,1,Train/Good/Good594.jpg
640,480,1,1,640,480,1,Train/Good/Good595.jpg
640,480,1,1,640,480,1,Train/Good/Good596.jpg
640,480,1,1,640,480,1,Train/Good/Good597.jpg
640,480,1,1,640,480,1,Train/Good/Good598.jpg
640,480,1,1,640,480,1,Train/Good/Good599.jpg
640,480,1,1,640,480,1,Train/Good/Good6.jpg
640,480,1,1,640,480,1,Train/Good/Good60.jpg
640,480,1,1,640,480,1,Train/Good/Good600.jpg
640,480,1,1,640,480,1,Train/Good/Good601.jpg
640,480,1,1,640,480,1,Train/Good/Good602.jpg
640,480,1,1,640,480,1,Train/Good/Good603.jpg
640,480,1,1,640,480,1,Train/Good/Good604.jpg
640,480,1,1,640,480,1,Train/Good/Good605.jpg
640,480,1,1,640,480,1,Train/Good/Good606.jpg
640,480,1,1,640,480,1,Train/Good/Good607.jpg
640,480,1,1,640,480,1,Train/Good/Good608.jpg
640,480,1,1,640,480,1,Train/Good/Good609.jpg
640,480,1,1,640,480,1,Train/Good/Good61.jpg
640,480,1,1,640,480,1,Train/Good/Good610.jpg
640,480,1,1,640,480,1,Train/Good/Good611.jpg
640,480,1,1,640,480,1,Train/Good/Good612.jpg
640,480,1,1,640,480,1,Train/Good/Good613.jpg
640,480,1,1,640,480,1,Train/Good/Good614.jpg
640,480,1,1,640,480,1,Train/Good/Good615.jpg
640,480,1,1,640,480,1,Train/Good/Good616.jpg
640,480,1,1,640,480,1,Train/Good/Good617.jpg
640,480,1,1,640,480,1,Train/Good/Good618.jpg
640,480,1,1,640,480,1,Train/Good/Good619.jpg
640,480,1,1,640,480,1,Train/Good/Good62.jpg
640,480,1,1,640,480,1,Train/Good/Good620.jpg
640,480,1,1,640,480,1,Train/Good/Good621.jpg
640,480,1,1,640,480,1,Train/Good/Good622.jpg
640,480,1,1,640,480,1,Train/Good/Good623.jpg
640,480,1,1,640,480,1,Train/Good/Good624.jpg
640,480,1,1,640,480,1,Train/Good/Good625.jpg
640,480,1,1,640,480,1,Train/Good/Good626.jpg
640,480,1,1,640,480,1,Train/Good/Good627.jpg
640,480,1,1,640,480,1,Train/Good/Good628.jpg
640,480,1,1,640,480,1,Train/Good/Good629.jpg
640,480,1,1,640,480,1,Train/Good/Good63.jpg
640,480,1,1,640,480,1,Train/Good/Good630.jpg
640,480,1,1,640,480,1,Train/Good/Good631.jpg
640,480,1,1,640,480,1,Train/Good/Good632.jpg
640,480,1,1,640,480,1,Train/Good/Good633.jpg
640,480,1,1,640,480,1,Train/Good/Good634.jpg
640,480,1,1,640,480,1,Train/Good/Good635.jpg
640,480,1,1,640,480,1,Train/Good/Good636.jpg
640,480,1,1,640,480,1,Train/Good/Good637.jpg
640,480,1,1,640,480,1,Train/Good/Good638.jpg
640,480,1,1,640,480,1,Train/Good/Good639.jpg
640,480,1,1,640,480,1,Train/Good/Good64.jpg
640,480,1,1,640,480,1,Train/Good/Good640.jpg
640,480,1,1,640,480,1,Train/Good/Good641.jpg
640,480,1,1,640,480,1,Train/Good/Good642.jpg
640,480,1,1,640,480,1,Train/Good/Good643.jpg
640,480,1,1,640,480,1,Train/Good/Good644.jpg
640,480,1,1,640,480,1,Train/Good/Good645.jpg
640,480,1,1,640,480,1,Train/Good/Good646.jpg
640,480,1,1,640,480,1,Train/Good/Good647.jpg
640,480,1,1,640,480,1,Train/Good/Good648.jpg
640,480,1,1,640,480,1,Train/Good/Good649.jpg
640,480,1,1,640,480,1,Train/Good/Good65.jpg
640,480,1,1,640,480,1,Train/Good/Good650.jpg
640,480,1,1,640,480,1,Train/Good/Good651.jpg
640,480,1,1,640,480,1,Train/Good/Good652.jpg
640,480,1,1,640,480,1,Train/Good/Good653.jpg
640,480,1,1,640,480,1,Train/Good/Good654.jpg
640,480,1,1,640,480,1,Train/Good/Good655.jpg
640,480,1,1,640,480,1,Train/Good/Good656.jpg
640,480,1,1,640,480,1,Train/Good/Good657.jpg
640,480,1,1,640,480,1,Train/Good/Good658.jpg
640,480,1,1,640,480,1,Train/Good/Good659.jpg
640,480,1,1,640,480,1,Train/Good/Good66.jpg
640,480,1,1,640,480,1,Train/Good/Good660.jpg
640,480,1,1,640,480,1,Train/Good/Good661.jpg
640,480,1,1,640,480,1,Train/Good/Good662.jpg
640,480,1,1,640,480,1,Train/Good/Good663.jpg
640,480,1,1,640,480,1,Train/Good/Good664.jpg
640,480,1,1,640,480,1,Train/Good/Good665.jpg
640,480,1,1,640,480,1,Train/Good/Good666.jpg
640,480,1,1,640,480,1,Train/Good/Good667.jpg
640,480,1,1,640,480,1,Train/Good/Good668.jpg
640,480,1,1,640,480,1,Train/Good/Good669.jpg
640,480,1,1,640,480,1,Train/Good/Good67.jpg
640,480,1,1,640,480,1,Train/Good/Good670.jpg
640,480,1,1,640,480,1,Train/Good/Good671.jpg
640,480,1,1,640,480,1,Train/Good/Good672.jpg
640,480,1,1,640,480,1,Train/Good/Good673.jpg
640,480,1,1,640,480,1,Train/Good/Good674.jpg
640,480,1,1,640,480,1,Train/Good/Good675.jpg
640,480,1,1,640,480,1,Train/Good/Good676.jpg
640,480,1,1,640,480,1,Train/Good/Good677.jpg
640,480,1,1,640,480,1,Train/Good/Good678.jpg
640,480,1,1,640,480,1,Train/Good/Good679.jpg
640,480,1,1,640,480,1,Train/Good/Good68.jpg
640,480,1,1,640,480,1,Train/Good/Good680.jpg
640,480,1,1,640,480,1,Train/Good/Good681.jpg
640,480,1,1,640,480,1,Train/Good/Good682.jpg
640,480,1,1,640,480,1,Train/Good/Good683.jpg
640,480,1,1,640,480,1,Train/Good/Good684.jpg
640,480,1,1,640,480,1,Train/Good/Good685.jpg
640,480,1,1,640,480,1,Train/Good/Good686.jpg
640,480,1,1,640,480,1,Train/Good/Good687.jpg
640,480,1,1,640,480,1,Train/Good/Good688.jpg
640,480,1,1,640,480,1,Train/Good/Good689.jpg
640,480,1,1,640,480,1,Train/Good/Good69.jpg
640,480,1,1,640,480,1,Train/Good/Good690.jpg
640,480,1,1,640,480,1,Train/Good/Good691.jpg
640,480,1,1,640,480,1,Train/Good/Good692.jpg
640,480,1,1,640,480,1,Train/Good/Good693.jpg
640,480,1,1,640,480,1,Train/Good/Good694.jpg
640,480,1,1,640,480,1,Train/Good/Good695.jpg
640,480,1,1,640,480,1,Train/Good/Good696.jpg
640,480,1,1,640,480,1,Train/Good/Good697.jpg
640,480,1,1,640,480,1,Train/Good/Good698.jpg
640,480,1,1,640,480,1,Train/Good/Good699.jpg
640,480,1,1,640,480,1,Train/Good/Good7.jpg
640,480,1,1,640,480,1,Train/Good/Good70.jpg
640,480,1,1,640,480,1,Train/Good/Good700.jpg
640,480,1,1,640,480,1,Train/Good/Good701.jpg
640,480,1,1,640,480,1,Train/Good/Good702.jpg
640,480,1,1,640,480,1,Train/Good/Good703.jpg
640,480,1,1,640,480,1,Train/Good/Good704.jpg
640,480,1,1,640,480,1,Train/Good/Good705.jpg
640,480,1,1,640,480,1,Train/Good/Good706.jpg
640,480,1,1,640,480,1,Train/Good/Good707.jpg
640,480,1,1,640,480,1,Train/Good/Good708.jpg
640,480,1,1,640,480,1,Train/Good/Good709.jpg
640,480,1,1,640,480,1,Train/Good/Good71.jpg
640,480,1,1,640,480,1,Train/Good/Good710.jpg
640,480,1,1,640,480,1,Train/Good/Good711.jpg
640,480,1,1,640,480,1,Train/Good/Good712.jpg
640,480,1,1,640,480,1,Train/Good/Good713.jpg
640,480,1,1,640,480,1,Train/Good/Good714.jpg
640,480,1,1,640,480,1,Train/Good/Good715.jpg
640,480,1,1,640,480,1,Train/Good/Good716.jpg
640,480,1,1,640,480,1,Train/Good/Good717.jpg
640,480,1,1,640,480,1,Train/Good/Good718.jpg
640,480,1,1,640,480,1,Train/Good/Good719.jpg
640,480,1,1,640,480,1,Train/Good/Good72.jpg
640,480,1,1,640,480,1,Train/Good/Good720.jpg
640,480,1,1,640,480,1,Train/Good/Good721.jpg
640,480,1,1,640,480,1,Train/Good/Good722.jpg
640,480,1,1,640,480,1,Train/Good/Good723.jpg
640,480,1,1,640,480,1,Train/Good/Good724.jpg
640,480,1,1,640,480,1,Train/Good/Good725.jpg
640,480,1,1,640,480,1,Train/Good/Good726.jpg
640,480,1,1,640,480,1,Train/Good/Good727.jpg
640,480,1,1,640,480,1,Train/Good/Good728.jpg
640,480,1,1,640,480,1,Train/Good/Good729.jpg
640,480,1,1,640,480,1,Train/Good/Good73.jpg
640,480,1,1,640,480,1,Train/Good/Good730.jpg
640,480,1,1,640,480,1,Train/Good/Good731.jpg
640,480,1,1,640,480,1,Train/Good/Good732.jpg
640,480,1,1,640,480,1,Train/Good/Good733.jpg
640,480,1,1,640,480,1,Train/Good/Good734.jpg
640,480,1,1,640,480,1,Train/Good/Good735.jpg
640,480,1,1,640,480,1,Train/Good/Good736.jpg
640,480,1,1,640,480,1,Train/Good/Good737.jpg
640,480,1,1,640,480,1,Train/Good/Good738.jpg
640,480,1,1,640,480,1,Train/Good/Good739.jpg
640,480,1,1,640,480,1,Train/Good/Good74.jpg
640,480,1,1,640,480,1,Train/Good/Good740.jpg
640,480,1,1,640,480,1,Train/Good/Good741.jpg
640,480,1,1,640,480,1,Train/Good/Good742.jpg
640,480,1,1,640,480,1,Train/Good/Good743.jpg
640,480,1,1,640,480,1,Train/Good/Good744.jpg
640,480,1,1,640,480,1,Train/Good/Good745.jpg
640,480,1,1,640,480,1,Train/Good/Good746.jpg
640,480,1,1,640,480,1,Train/Good/Good747.jpg
640,480,1,1,640,480,1,Train/Good/Good748.jpg
640,480,1,1,640,480,1,Train/Good/Good749.jpg
640,480,1,1,640,480,1,Train/Good/Good75.jpg
640,480,1,1,640,480,1,Train/Good/Good750.jpg
640,480,1,1,640,480,1,Train/Good/Good751.jpg
640,480,1,1,640,480,1,Train/Good/Good752.jpg
640,480,1,1,640,480,1,Train/Good/Good753.jpg
640,480,1,1,640,480,1,Train/Good/Good754.jpg
640,480,1,1,640,480,1,Train/Good/Good755.jpg
640,480,1,1,640,480,1,Train/Good/Good756.jpg
640,480,1,1,640,480,1,Train/Good/Good757.jpg
640,480,1,1,640,480,1,Train/Good/Good758.jpg
640,480,1,1,640,480,1,Train/Good/Good759.jpg
640,480,1,1,640,480,1,Train/Good/Good76.jpg
640,480,1,1,640,480,1,Train/Good/Good760.jpg
640,480,1,1,640,480,1,Train/Good/Good761.jpg
640,480,1,1,640,480,1,Train/Good/Good762.jpg
640,480,1,1,640,480,1,Train/Good/Good763.jpg
640,480,1,1,640,480,1,Train/Good/Good764.jpg
640,480,1,1,640,480,1,Train/Good/Good765.jpg
640,480,1,1,640,480,1,Train/Good/Good766.jpg
640,480,1,1,640,480,1,Train/Good/Good767.jpg
640,480,1,1,640,480,1,Train/Good/Good768.jpg
640,480,1,1,640,480,1,Train/Good/Good769.jpg
640,480,1,1,640,480,1,Train/Good/Good77.jpg
640,480,1,1,640,480,1,Train/Good/Good770.jpg
640,480,1,1,640,480,1,Train/Good/Good771.jpg
640,480,1,1,640,480,1,Train/Good/Good772.jpg
640,480,1,1,640,480,1,Train/Good/Good773.jpg
640,480,1,1,640,480,1,Train/Good/Good774.jpg
640,480,1,1,640,480,1,Train/Good/Good775.jpg
640,480,1,1,640,480,1,Train/Good/Good776.jpg
640,480,1,1,640,480,1,Train/Good/Good777.jpg
640,480,1,1,640,480,1,Train/Good/Good778.jpg
640,480,1,1,640,480,1,Train/Good/Good779.jpg
640,480,1,1,640,480,1,Train/Good/Good78.jpg
640,480,1,1,640,480,1,Train/Good/Good780.jpg
640,480,1,1,640,480,1,Train/Good/Good781.jpg
640,480,1,1,640,480,1,Train/Good/Good782.jpg
640,480,1,1,640,480,1,Train/Good/Good783.jpg
640,480,1,1,640,480,1,Train/Good/Good784.jpg
640,480,1,1,640,480,1,Train/Good/Good785.jpg
640,480,1,1,640,480,1,Train/Good/Good786.jpg
640,480,1,1,640,480,1,Train/Good/Good787.jpg
640,480,1,1,640,480,1,Train/Good/Good788.jpg
640,480,1,1,640,480,1,Train/Good/Good789.jpg
640,480,1,1,640,480,1,Train/Good/Good79.jpg
640,480,1,1,640,480,1,Train/Good/Good790.jpg
640,480,1,1,640,480,1,Train/Good/Good791.jpg
640,480,1,1,640,480,1,Train/Good/Good792.jpg
640,480,1,1,640,480,1,Train/Good/Good793.jpg
640,480,1,1,640,480,1,Train/Good/Good794.jpg
640,480,1,1,640,480,1,Train/Good/Good795.jpg
640,480,1,1,640,480,1,Train/Good/Good796.jpg
640,480,1,1,640,480,1,Train/Good/Good797.jpg
640,480,1,1,640,480,1,Train/Good/Good798.jpg
640,480,1,1,640,480,1,Train/Good/Good799.jpg
640,480,1,1,640,480,1,Train/Good/Good8.jpg
640,480,1,1,640,480,1,Train/Good/Good80.jpg
640,480,1,1,640,480,1,Train/Good/Good800.jpg
640,480,1,1,640,480,1,Train/Good/Good801.jpg
640,480,1,1,640,480,1,Train/Good/Good802.jpg
640,480,1,1,640,480,1,Train/Good/Good803.jpg
640,480,1,1,640,480,1,Train/Good/Good804.jpg
640,480,1,1,640,480,1,Train/Good/Good805.jpg
640,480,1,1,640,480,1,Train/Good/Good806.jpg
640,480,1,1,640,480,1,Train/Good/Good807.jpg
640,480,1,1,640,480,1,Train/Good/Good808.jpg
640,480,1,1,640,480,1,Train/Good/Good809.jpg
640,480,1,1,640,480,1,Train/Good/Good81.jpg
640,480,1,1,640,480,1,Train/Good/Good810.jpg
640,480,1,1,640,480,1,Train/Good/Good811.jpg
640,480,1,1,640,480,1,Train/Good/Good812.jpg
640,480,1,1,640,480,1,Train/Good/Good813.jpg
640,480,1,1,640,480,1,Train/Good/Good814.jpg
640,480,1,1,640,480,1,Train/Good/Good815.jpg
640,480,1,1,640,480,1,Train/Good/Good816.jpg
640,480,1,1,640,480,1,Train/Good/Good817.jpg
640,480,1,1,640,480,1,Train/Good/Good818.jpg
640,480,1,1,640,480,1,Train/Good/Good819.jpg
640,480,1,1,640,480,1,Train/Good/Good82.jpg
640,480,1,1,640,480,1,Train/Good/Good820.jpg
640,480,1,1,640,480,1,Train/Good/Good821.jpg
640,480,1,1,640,480,1,Train/Good/Good822.jpg
640,480,1,1,640,480,1,Train/Good/Good823.jpg
640,480,1,1,640,480,1,Train/Good/Good824.jpg
640,480,1,1,640,480,1,Train/Good/Good825.jpg
640,480,1,1,640,480,1,Train/Good/Good826.jpg
640,480,1,1,640,480,1,Train/Good/Good827.jpg
640,480,1,1,640,480,1,Train/Good/Good828.jpg
640,480,1,1,640,480,1,Train/Good/Good829.jpg
640,480,1,1,640,480,1,Train/Good/Good83.jpg
640,480,1,1,640,480,1,Train/Good/Good830.jpg
640,480,1,1,640,480,1,Train/Good/Good831.jpg
640,480,1,1,640,480,1,Train/Good/Good832.jpg
640,480,1,1,640,480,1,Train/Good/Good833.jpg
640,480,1,1,640,480,1,Train/Good/Good834.jpg
640,480,1,1,640,480,1,Train/Good/Good835.jpg
640,480,1,1,640,480,1,Train/Good/Good836.jpg
640,480,1,1,640,480,1,Train/Good/Good837.jpg
640,480,1,1,640,480,1,Train/Good/Good838.jpg
640,480,1,1,640,480,1,Train/Good/Good839.jpg
640,480,1,1,640,480,1,Train/Good/Good84.jpg
640,480,1,1,640,480,1,Train/Good/Good840.jpg
640,480,1,1,640,480,1,Train/Good/Good841.jpg
640,480,1,1,640,480,1,Train/Good/Good842.jpg
640,480,1,1,640,480,1,Train/Good/Good843.jpg
640,480,1,1,640,480,1,Train/Good/Good844.jpg
640,480,1,1,640,480,1,Train/Good/Good845.jpg
640,480,1,1,640,480,1,Train/Good/Good846.jpg
640,480,1,1,640,480,1,Train/Good/Good847.jpg
640,480,1,1,640,480,1,Train/Good/Good848.jpg
640,480,1,1,640,480,1,Train/Good/Good849.jpg
640,480,1,1,640,480,1,Train/Good/Good85.jpg
640,480,1,1,640,480,1,Train/Good/Good850.jpg
640,480,1,1,640,480,1,Train/Good/Good851.jpg
640,480,1,1,640,480,1,Train/Good/Good852.jpg
640,480,1,1,640,480,1,Train/Good/Good853.jpg
640,480,1,1,640,480,1,Train/Good/Good854.jpg
640,480,1,1,640,480,1,Train/Good/Good855.jpg
640,480,1,1,640,480,1,Train/Good/Good856.jpg
640,480,1,1,640,480,1,Train/Good/Good857.jpg
640,480,1,1,640,480,1,Train/Good/Good858.jpg
640,480,1,1,640,480,1,Train/Good/Good859.jpg
640,480,1,1,640,480,1,Train/Good/Good86.jpg
640,480,1,1,640,480,1,Train/Good/Good860.jpg
640,480,1,1,640,480,1,Train/Good/Good861.jpg
640,480,1,1,640,480,1,Train/Good/Good862.jpg
640,480,1,1,640,480,1,Train/Good/Good863.jpg
640,480,1,1,640,480,1,Train/Good/Good864.jpg
640,480,1,1,640,480,1,Train/Good/Good865.jpg
640,480,1,1,640,480,1,Train/Good/Good866.jpg
640,480,1,1,640,480,1,Train/Good/Good867.jpg
640,480,1,1,640,480,1,Train/Good/Good868.jpg
640,480,1,1,640,480,1,Train/Good/Good869.jpg
640,480,1,1,640,480,1,Train/Good/Good87.jpg
640,480,1,1,640,480,1,Train/Good/Good870.jpg
640,480,1,1,640,480,1,Train/Good/Good871.jpg
640,480,1,1,640,480,1,Train/Good/Good872.jpg
640,480,1,1,640,480,1,Train/Good/Good873.jpg
640,480,1,1,640,480,1,Train/Good/Good874.jpg
640,480,1,1,640,480,1,Train/Good/Good875.jpg
640,480,1,1,640,480,1,Train/Good/Good876.jpg
640,480,1,1,640,480,1,Train/Good/Good877.jpg
640,480,1,1,640,480,1,Train/Good/Good878.jpg
640,480,1,1,640,480,1,Train/Good/Good879.jpg
640,480,1,1,640,480,1,Train/Good/Good88.jpg
640,480,1,1,640,480,1,Train/Good/Good880.jpg
640,480,1,1,640,480,1,Train/Good/Good881.jpg
640,480,1,1,640,480,1,Train/Good/Good882.jpg
640,480,1,1,640,480,1,Train/Good/Good883.jpg
640,480,1,1,640,480,1,Train/Good/Good884.jpg
640,480,1,1,640,480,1,Train/Good/Good885.jpg
640,480,1,1,640,480,1,Train/Good/Good886.jpg
640,480,1,1,640,480,1,Train/Good/Good887.jpg
640,480,1,1,640,480,1,Train/Good/Good888.jpg
640,480,1,1,640,480,1,Train/Good/Good889.jpg
640,480,1,1,640,480,1,Train/Good/Good89.jpg
640,480,1,1,640,480,1,Train/Good/Good890.jpg
640,480,1,1,640,480,1,Train/Good/Good891.jpg
640,480,1,1,640,480,1,Train/Good/Good892.jpg
640,480,1,1,640,480,1,Train/Good/Good893.jpg
640,480,1,1,640,480,1,Train/Good/Good894.jpg
640,480,1,1,640,480,1,Train/Good/Good895.jpg
640,480,1,1,640,480,1,Train/Good/Good896.jpg
640,480,1,1,640,480,1,Train/Good/Good897.jpg
640,480,1,1,640,480,1,Train/Good/Good898.jpg
640,480,1,1,640,480,1,Train/Good/Good899.jpg
640,480,1,1,640,480,1,Train/Good/Good9.jpg
640,480,1,1,640,480,1,Train/Good/Good90.jpg
640,480,1,1,640,480,1,Train/Good/Good900.jpg
640,480,1,1,640,480,1,Train/Good/Good901.jpg
640,480,1,1,640,480,1,Train/Good/Good902.jpg
640,480,1,1,640,480,1,Train/Good/Good903.jpg
640,480,1,1,640,480,1,Train/Good/Good904.jpg
640,480,1,1,640,480,1,Train/Good/Good905.jpg
640,480,1,1,640,480,1,Train/Good/Good906.jpg
640,480,1,1,640,480,1,Train/Good/Good907.jpg
640,480,1,1,640,480,1,Train/Good/Good908.jpg
640,480,1,1,640,480,1,Train/Good/Good909.jpg
640,480,1,1,640,480,1,Train/Good/Good91.jpg
640,480,1,1,640,480,1,Train/Good/Good910.jpg
640,480,1,1,640,480,1,Train/Good/Good911.jpg
640,480,1,1,640,480,1,Train/Good/Good912.jpg
640,480,1,1,640,480,1,Train/Good/Good913.jpg
640,480,1,1,640,480,1,Train/Good/Good914.jpg
640,480,1,1,640,480,1,Train/Good/Good915.jpg
640,480,1,1,640,480,1,Train/Good/Good916.jpg
640,480,1,1,640,480,1,Train/Good/Good917.jpg
640,480,1,1,640,480,1,Train/Good/Good918.jpg
640,480,1,1,640,480,1,Train/Good/Good919.jpg
640,480,1,1,640,480,1,Train/Good/Good92.jpg
640,480,1,1,640,480,1,Train/Good/Good920.jpg
640,480,1,1,640,480,1,Train/Good/Good921.jpg
640,480,1,1,640,480,1,Train/Good/Good922.jpg
640,480,1,1,640,480,1,Train/Good/Good923.jpg
640,480,1,1,640,480,1,Train/Good/Good924.jpg
640,480,1,1,640,480,1,Train/Good/Good925.jpg
640,480,1,1,640,480,1,Train/Good/Good926.jpg
640,480,1,1,640,480,1,Train/Good/Good927.jpg
640,480,1,1,640,480,1,Train/Good/Good928.jpg
640,480,1,1,640,480,1,Train/Good/Good929.jpg
640,480,1,1,640,480,1,Train/Good/Good93.jpg
640,480,1,1,640,480,1,Train/Good/Good930.jpg
640,480,1,1,640,480,1,Train/Good/Good931.jpg
640,480,1,1,640,480,1,Train/Good/Good932.jpg
640,480,1,1,640,480,1,Train/Good/Good933.jpg
640,480,1,1,640,480,1,Train/Good/Good934.jpg
640,480,1,1,640,480,1,Train/Good/Good935.jpg
640,480,1,1,640,480,1,Train/Good/Good936.jpg
640,480,1,1,640,480,1,Train/Good/Good937.jpg
640,480,1,1,640,480,1,Train/Good/Good938.jpg
640,480,1,1,640,480,1,Train/Good/Good939.jpg
640,480,1,1,640,480,1,Train/Good/Good94.jpg
640,480,1,1,640,480,1,Train/Good/Good940.jpg
640,480,1,1,640,480,1,Train/Good/Good941.jpg
640,480,1,1,640,480,1,Train/Good/Good942.jpg
640,480,1,1,640,480,1,Train/Good/Good943.jpg
640,480,1,1,640,480,1,Train/Good/Good944.jpg
640,480,1,1,640,480,1,Train/Good/Good945.jpg
640,480,1,1,640,480,1,Train/Good/Good946.jpg
640,480,1,1,640,480,1,Train/Good/Good947.jpg
640,480,1,1,640,480,1,Train/Good/Good948.jpg
640,480,1,1,640,480,1,Train/Good/Good949.jpg
640,480,1,1,640,480,1,Train/Good/Good95.jpg
640,480,1,1,640,480,1,Train/Good/Good950.jpg
640,480,1,1,640,480,1,Train/Good/Good951.jpg
640,480,1,1,640,480,1,Train/Good/Good952.jpg
640,480,1,1,640,480,1,Train/Good/Good953.jpg
640,480,1,1,640,480,1,Train/Good/Good954.jpg
640,480,1,1,640,480,1,Train/Good/Good955.jpg
640,480,1,1,640,480,1,Train/Good/Good956.jpg
640,480,1,1,640,480,1,Train/Good/Good957.jpg
640,480,1,1,640,480,1,Train/Good/Good958.jpg
640,480,1,1,640,480,1,Train/Good/Good959.jpg
640,480,1,1,640,480,1,Train/Good/Good96.jpg
640,480,1,1,640,480,1,Train/Good/Good960.jpg
640,480,1,1,640,480,1,Train/Good/Good961.jpg
640,480,1,1,640,480,1,Train/Good/Good962.jpg
640,480,1,1,640,480,1,Train/Good/Good963.jpg
640,480,1,1,640,480,1,Train/Good/Good964.jpg
640,480,1,1,640,480,1,Train/Good/Good965.jpg
640,480,1,1,640,480,1,Train/Good/Good966.jpg
640,480,1,1,640,480,1,Train/Good/Good967.jpg
640,480,1,1,640,480,1,Train/Good/Good968.jpg
640,480,1,1,640,480,1,Train/Good/Good969.jpg
640,480,1,1,640,480,1,Train/Good/Good97.jpg
640,480,1,1,640,480,1,Train/Good/Good970.jpg
640,480,1,1,640,480,1,Train/Good/Good971.jpg
640,480,1,1,640,480,1,Train/Good/Good972.jpg
640,480,1,1,640,480,1,Train/Good/Good973.jpg
640,480,1,1,640,480,1,Train/Good/Good974.jpg
640,480,1,1,640,480,1,Train/Good/Good975.jpg
640,480,1,1,640,480,1,Train/Good/Good976.jpg
640,480,1,1,640,480,1,Train/Good/Good977.jpg
640,480,1,1,640,480,1,Train/Good/Good978.jpg
640,480,1,1,640,480,1,Train/Good/Good979.jpg
640,480,1,1,640,480,1,Train/Good/Good98.jpg
640,480,1,1,640,480,1,Train/Good/Good980.jpg
640,480,1,1,640,480,1,Train/Good/Good981.jpg
640,480,1,1,640,480,1,Train/Good/Good982.jpg
640,480,1,1,640,480,1,Train/Good/Good983.jpg
640,480,1,1,640,480,1,Train/Good/Good984.jpg
640,480,1,1,640,480,1,Train/Good/Good985.jpg
640,480,1,1,640,480,1,Train/Good/Good986.jpg
640,480,1,1,640,480,1,Train/Good/Good987.jpg
640,480,1,1,640,480,1,Train/Good/Good988.jpg
640,480,1,1,640,480,1,Train/Good/Good989.jpg
640,480,1,1,640,480,1,Train/Good/Good99.jpg
640,480,1,1,640,480,1,Train/Good/Good990.jpg
640,480,1,1,640,480,1,Train/Good/Good991.jpg
640,480,1,1,640,480,1,Train/Good/Good992.jpg
640,480,1,1,640,480,1,Train/Good/Good993.jpg
640,480,1,1,640,480,1,Train/Good/Good994.jpg
640,480,1,1,640,480,1,Train/Good/Good995.jpg
640,480,1,1,640,480,1,Train/Good/Good996.jpg
640,480,1,1,640,480,1,Train/Good/Good997.jpg
640,480,1,1,640,480,1,Train/Good/Good998.jpg
640,480,1,1,640,480,1,Train/Good/Good999.jpg
